model,qtype,layer,auc,delta_mean,mw_p,spearman_rho,spearman_p,n_flip,n_hold
DeepSeek-R1-7B,base,0,0.5,0.0,1.0,,,148,28
DeepSeek-R1-7B,base,1,0.4524613899613899,-0.002199709300368946,0.7878091571793773,-0.04834562450165485,0.5595538138508453,148,28
DeepSeek-R1-7B,base,2,0.4044401544401544,-0.003181674535670309,0.9456156751586109,-0.005303120554468607,0.9489951719243452,148,28
DeepSeek-R1-7B,base,3,0.3952702702702703,-0.005019934020907724,0.9605797481539421,0.02079564304765419,0.8019131043304892,148,28
DeepSeek-R1-7B,base,4,0.41747104247104244,-0.004036933874071336,0.9170249161028159,-0.02751138523453583,0.7399530930964651,148,28
DeepSeek-R1-7B,base,5,0.4498069498069498,-0.002274626240306832,0.8004794709687286,-0.024717018945281628,0.7655570112628624,148,28
DeepSeek-R1-7B,base,6,0.47128378378378377,-0.0016588278718896454,0.6855764962046961,0.019305828976311477,0.8158422893921724,148,28
DeepSeek-R1-7B,base,7,0.4662162162162162,-0.0018871577895285263,0.7150811555027374,0.040595503633115586,0.6242186904885214,148,28
DeepSeek-R1-7B,base,8,0.46332046332046334,-0.0030150622359573775,0.7313258533556575,0.00853748374562195,0.9179755131974868,148,28
DeepSeek-R1-7B,base,9,0.4732142857142857,-0.0025894568233416626,0.6740023971178604,-0.03188819652184834,0.7004261770482436,148,28
DeepSeek-R1-7B,base,10,0.5077220077220077,-0.0004757355078767178,0.44930781690951094,-0.030135928158144743,0.716161620349707,148,28
DeepSeek-R1-7B,base,11,0.4862451737451738,-0.0012794230205211976,0.5919540567620759,0.024524037847957442,0.7673349930594281,148,28
DeepSeek-R1-7B,base,12,0.4845559845559846,-0.0013445986859127457,0.6029104973777454,0.03574009922443908,0.6662878543460543,148,28
DeepSeek-R1-7B,base,13,0.45752895752895756,-0.00297022769119748,0.7623562253823482,-0.03050645186500718,0.712824074839381,148,28
DeepSeek-R1-7B,base,14,0.45077220077220076,-0.004332762830045689,0.7959256788975038,-0.03641167344312725,0.6604028948844638,148,28
DeepSeek-R1-7B,base,15,0.4329150579150579,-0.007946273017113814,0.8700165116612069,-0.0021691075339238404,0.9791260381998126,148,28
DeepSeek-R1-7B,base,16,0.4312258687258687,-0.009044964168522851,0.8759102666006074,0.0073101239666401325,0.9297347053262982,148,28
DeepSeek-R1-7B,base,17,0.45246138996138996,-0.008349921770077429,0.7878091571793773,0.001759987607596568,0.9830624665845576,148,28
DeepSeek-R1-7B,base,18,0.458011583011583,-0.007820496918151676,0.7598477284723868,-0.009317127378811657,0.9105148874178082,148,28
DeepSeek-R1-7B,base,19,0.4437741312741313,-0.0064086555629163655,0.8275312571895557,-0.036635531516023306,0.6584458293901678,148,28
DeepSeek-R1-7B,base,20,0.4058880308880308,-0.01104110036347361,0.9428874264289823,-0.020247576731253502,0.8070303214044133,148,28
DeepSeek-R1-7B,base,21,0.38634169884169883,-0.013961179318575323,0.9717468476534871,0.024145794897202043,0.77082334749423,148,28
DeepSeek-R1-7B,base,22,0.38030888030888027,-0.01699366780091438,0.977690551827259,0.018155661636259337,0.8266356865411889,148,28
DeepSeek-R1-7B,base,23,0.3730694980694981,-0.017921716377541808,0.9833965508506513,0.01891986678166311,0.8194604886720868,148,28
DeepSeek-R1-7B,base,24,0.40226833976833976,-0.015817180908784922,0.9495135609437914,-0.01775426095382503,0.8304102639418716,148,28
DeepSeek-R1-7B,base,25,0.4017857142857143,-0.013604606728295998,0.9503487824414206,-0.005310839798361574,0.9489210294759551,148,28
DeepSeek-R1-7B,base,26,0.42591698841698844,-0.010831884953506177,0.8932074444881991,-0.021938091143813364,0.7912734592475443,148,28
DeepSeek-R1-7B,base,27,0.4531853281853282,-0.005651044224219803,0.784273672594292,-0.031224341547053152,0.7063730921789819,148,28
DeepSeek-R1-7B,base,28,0.4777992277992278,-0.00019810914015216952,0.6458504668700041,-0.053957514811842154,0.5148331929107041,148,28
DeepSeek-R1-7B,critical,0,0.5,0.0,1.0,,,140,28
DeepSeek-R1-7B,critical,1,0.4219387755102041,-0.002503346545355667,0.9039637672004804,-0.01905015088176643,0.8232212148368496,140,28
DeepSeek-R1-7B,critical,2,0.45153061224489793,-0.0014960186822072785,0.7912519463719265,0.04821249057666518,0.5716163825371047,140,28
DeepSeek-R1-7B,critical,3,0.47627551020408165,-0.0006145162241798507,0.6546622028396807,0.037740329398205055,0.6579799552677716,140,28
DeepSeek-R1-7B,critical,4,0.4875,-0.0003565881933484949,0.5834288830116435,0.04546061528765499,0.5937908887726179,140,28
DeepSeek-R1-7B,critical,5,0.49770408163265306,-0.0005460436855043715,0.516125737757869,0.021668739858497408,0.7994034793090763,140,28
DeepSeek-R1-7B,critical,6,0.4568877551020408,-0.0016764010701860732,0.7646671537270624,0.04060382876764695,0.6338462714229893,140,28
DeepSeek-R1-7B,critical,7,0.4596938775510203,-0.0019516710724148956,0.7500286994820397,0.006850073670574191,0.9359784236804857,140,28
DeepSeek-R1-7B,critical,8,0.5423469387755102,-0.00020049554961076854,0.24060049266805938,0.07055780904512618,0.407444268383789,140,28
DeepSeek-R1-7B,critical,9,0.5288265306122449,-0.0003444744007928824,0.3160394316133918,0.06507000476431034,0.4449709506202095,140,28
DeepSeek-R1-7B,critical,10,0.4561224489795918,-0.0018642229693276446,0.7685757339541406,0.04540138618375246,0.5942724057752777,140,28
DeepSeek-R1-7B,critical,11,0.4747448979591836,-0.0010541404996600168,0.6640254694285435,0.07013864923289284,0.4102429870936723,140,28
DeepSeek-R1-7B,critical,12,0.5038265306122449,-0.0004131968532289365,0.4753959436594425,0.13225403292944968,0.11931108980188433,140,28
DeepSeek-R1-7B,critical,13,0.5168367346938776,0.00048369680132187565,0.39021079196139735,0.15511191095091342,0.06725796204721943,140,28
DeepSeek-R1-7B,critical,14,0.5308673469387755,0.0015461904661996373,0.3040277438113086,0.1616248343377347,0.056418569126144534,140,28
DeepSeek-R1-7B,critical,15,0.5566326530612246,0.00399059014660974,0.17291470968877554,0.08284101397752926,0.33051650767705903,140,28
DeepSeek-R1-7B,critical,16,0.5517857142857143,0.004531128065926593,0.1943863553838519,0.05952980550696533,0.4847575637367834,140,28
DeepSeek-R1-7B,critical,17,0.5540816326530613,0.004804158636501854,0.18402036794738946,0.03260334365588887,0.7021564784640383,140,28
DeepSeek-R1-7B,critical,18,0.5653061224489796,0.0059170178004672724,0.13842682080505042,-0.0020251797449752098,0.9810540647375701,140,28
DeepSeek-R1-7B,critical,19,0.5997448979591836,0.006950970206941909,0.048258485577621045,-0.019079765466096826,0.8229509046258949,140,28
DeepSeek-R1-7B,critical,20,0.6033163265306123,0.00736434459686286,0.04257441170277994,0.05288019957267665,0.5349209156898448,140,28
DeepSeek-R1-7B,critical,21,0.6168367346938776,0.009290159600121584,0.025759471479263545,0.05869148588249866,0.49093963420541276,140,28
DeepSeek-R1-7B,critical,22,0.5979591836734695,0.009736929621015245,0.05132017153996896,0.06574886141673172,0.4402258028082049,140,28
DeepSeek-R1-7B,critical,23,0.577295918367347,0.0074807401214327385,0.09896913323453987,0.05093475131372409,0.5500714695046444,140,28
DeepSeek-R1-7B,critical,24,0.5533163265306122,0.004512689794812896,0.1874368107202511,0.022484279058386188,0.7920220654165898,140,28
DeepSeek-R1-7B,critical,25,0.5339285714285714,0.001153299638203209,0.2864031323152264,0.022404547572363542,0.7927429108215136,140,28
DeepSeek-R1-7B,critical,26,0.5204081632653061,0.00010024309158329636,0.3675482023975932,0.011157851958254868,0.89590036131587,140,28
DeepSeek-R1-7B,critical,27,0.48061224489795923,-0.0026002534798212906,0.6276311829045614,0.02460969267150415,0.7728730202293709,140,28
DeepSeek-R1-7B,critical,28,0.4395408163265306,-0.005680287310055321,0.8439453768602381,-0.034462226301445416,0.6860458794038211,140,28
DeepSeek-R1-7B,presupposition,0,0.5,0.0,1.0,,,145,23
DeepSeek-R1-7B,presupposition,1,0.4332833583208396,-0.002590814183677015,0.8482539497866012,0.023121332731806745,0.7825135829885475,145,23
DeepSeek-R1-7B,presupposition,2,0.45367316341829084,-0.0016313004529457942,0.7627590683726501,0.053248756150018534,0.5247100635360818,145,23
DeepSeek-R1-7B,presupposition,3,0.4461769115442279,-0.002324694082297296,0.7968893369985818,0.08739522513510879,0.29589775005380753,145,23
DeepSeek-R1-7B,presupposition,4,0.4425787106446777,-0.0023506911083318593,0.8121730197030701,0.0851050886842123,0.30878294717766436,145,23
DeepSeek-R1-7B,presupposition,5,0.4575712143928036,-0.001984255120850764,0.7438372077144972,0.1393406181703442,0.0946178957986455,145,23
DeepSeek-R1-7B,presupposition,6,0.4581709145427286,-0.0017020910576187598,0.7408578510449695,0.16024376667367943,0.0541855124052975,145,23
DeepSeek-R1-7B,presupposition,7,0.47136431784107946,-0.0014775657224869176,0.6711049069223308,0.1557148882164757,0.06144887551590806,145,23
DeepSeek-R1-7B,presupposition,8,0.4566716641679161,-0.001812677190400347,0.7482725216868392,0.17525300027152071,0.03499582936463085,145,23
DeepSeek-R1-7B,presupposition,9,0.48845577211394303,-0.0019272109379117053,0.5714060585338908,0.19969003078481198,0.01603666059015289,145,23
DeepSeek-R1-7B,presupposition,10,0.456071964017991,-0.003383837682732538,0.7512067107532088,0.1811489709547982,0.02921922871077106,145,23
DeepSeek-R1-7B,presupposition,11,0.4785607196401799,-0.0024236920355320546,0.6301401827760138,0.2086820028101452,0.01177182960191915,145,23
DeepSeek-R1-7B,presupposition,12,0.488455772113943,-0.0010303942338637517,0.5714060585338908,0.2108775734829975,0.010895827799366275,145,23
DeepSeek-R1-7B,presupposition,13,0.4785607196401799,-0.0012192490040093817,0.6301401827760138,0.15296836909762676,0.06622961391699775,145,23
DeepSeek-R1-7B,presupposition,14,0.4752623688155922,-0.0007303621279246553,0.6491331444228455,0.07755216110737777,0.35384013129564823,145,23
DeepSeek-R1-7B,presupposition,15,0.4536731634182909,-0.002598731664345877,0.7627590683726501,0.062335293953395945,0.45636574993368156,145,23
DeepSeek-R1-7B,presupposition,16,0.44437781109445273,-0.0033495713567091023,0.8046219567981089,0.03848416010842201,0.6458248168806733,145,23
DeepSeek-R1-7B,presupposition,17,0.4569715142428785,-0.002829329005960557,0.7467986036488587,0.033466006538728735,0.6894451182303809,145,23
DeepSeek-R1-7B,presupposition,18,0.45367316341829084,-0.003923342789130868,0.7627590683726501,0.006611381351959679,0.9370935595028352,145,23
DeepSeek-R1-7B,presupposition,19,0.4260869565217391,-0.004973869255815222,0.8727974943333634,0.009008418247601777,0.9143613610160136,145,23
DeepSeek-R1-7B,presupposition,20,0.42338830584707643,-0.00471706799660121,0.8812469354089648,0.03851088521960841,0.6455955415362825,145,23
DeepSeek-R1-7B,presupposition,21,0.4077961019490255,-0.006693499824632632,0.9223682477792098,0.05163908214548357,0.5373357979156101,145,23
DeepSeek-R1-7B,presupposition,22,0.4278860569715142,-0.006505731199456077,0.8669373138473451,0.026521589185830786,0.751506283102879,145,23
DeepSeek-R1-7B,presupposition,23,0.43358320839580206,-0.006713556760790773,0.8471672071774223,-0.01119576580931978,0.8936775852943156,145,23
DeepSeek-R1-7B,presupposition,24,0.44467766116941526,-0.004639514257525401,0.8033457529203383,-0.045983637462883725,0.5828582443729042,145,23
DeepSeek-R1-7B,presupposition,25,0.43448275862068964,-0.004120821395199203,0.8438760827356877,-0.062072154397099046,0.45827268406999244,145,23
DeepSeek-R1-7B,presupposition,26,0.4407796101949025,-0.0027077461111134626,0.8195411392264431,-0.08802223735909749,0.29243295699856814,145,23
DeepSeek-R1-7B,presupposition,27,0.4761619190404797,-0.00044602788370406987,0.6439877518667274,-0.1184991430005161,0.1557313281990319,145,23
DeepSeek-R1-7B,presupposition,28,0.47916041979010493,-0.0018831690390785916,0.626650934027209,-0.16058708156353552,0.05366511231250302,145,23
Qwen2.5-7B,base,0,0.5,0.0,1.0,,,64,91
Qwen2.5-7B,base,1,0.5614697802197801,0.0015312724511374887,0.09692858036409868,-0.15740398105743672,0.21417246258824787,64,91
Qwen2.5-7B,base,2,0.5673076923076923,0.001244098029948848,0.07739443423274392,-0.0839297797546598,0.5096584529807402,64,91
Qwen2.5-7B,base,3,0.5504807692307693,0.00100765923795465,0.14306284383500695,-0.09524081462533308,0.4540900744513882,64,91
Qwen2.5-7B,base,4,0.5365728021978022,0.001069935591338722,0.2199733632109599,-0.15585148607518745,0.21878355412158665,64,91
Qwen2.5-7B,base,5,0.49089972527472525,-0.0002706969607171317,0.5770818270163199,-0.21757108251236273,0.08416436459038175,64,91
Qwen2.5-7B,base,6,0.43870192307692313,-0.0016079174129517426,0.9030714196359013,-0.037608398855712044,0.7679620040521998,64,91
Qwen2.5-7B,base,7,0.4519230769230769,-0.0016564001011979412,0.8459967201304871,0.025885477561176696,0.8391066254526336,64,91
Qwen2.5-7B,base,8,0.4739010989010989,-0.0013599094351405272,0.7102881637082,-0.052467993685812245,0.6805190427749815,64,91
Qwen2.5-7B,base,9,0.4902129120879121,-0.0004458031054217493,0.582764460680339,-0.013370466989983554,0.9164867281423891,64,91
Qwen2.5-7B,base,10,0.564217032967033,0.004022132093598585,0.08732687462100619,-0.14910288543806305,0.23963469495291262,64,91
Qwen2.5-7B,base,11,0.5853365384615384,0.0041999936431318385,0.03558298538769064,-0.12118965932864242,0.34011860303104513,64,91
Qwen2.5-7B,base,12,0.5528846153846153,0.0019731180906131796,0.13188192704472862,-0.0034851928172942924,0.9781948611994216,64,91
Qwen2.5-7B,base,13,0.5448145604395604,0.0013475934923677935,0.17188861796966481,-0.03203209034804117,0.8016049315099066,64,91
Qwen2.5-7B,base,14,0.5460164835164835,0.005080171482084839,0.16548343001854898,0.005132738512742502,0.9678915359767115,64,91
Qwen2.5-7B,base,15,0.5621565934065934,0.006949620792171429,0.09445844675144105,0.008079310621909495,0.9494785645060145,64,91
Qwen2.5-7B,base,16,0.5604395604395603,0.006564603422533066,0.10072219912578856,0.0017742799797134574,0.9888982031714983,64,91
Qwen2.5-7B,base,17,0.5695398351648351,0.006851746977030615,0.0707722453641753,-0.0178061669392672,0.8889343205098532,64,91
Qwen2.5-7B,base,18,0.5815590659340659,0.006932588826332742,0.04231215473042073,0.0011406085583872227,0.9928629987874028,64,91
Qwen2.5-7B,base,19,0.5817307692307692,0.005700051968733022,0.041985401335015785,-0.029180568952073112,0.818952660400367,64,91
Qwen2.5-7B,base,20,0.5712568681318682,0.0070312613785102895,0.06598142894361929,-0.0641909149803476,0.6143131465567211,64,91
Qwen2.5-7B,base,21,0.5712568681318682,0.00801236997102639,0.06598142894361929,-0.02902215109674156,0.8199190455437493,64,91
Qwen2.5-7B,base,22,0.5819024725274725,0.010936112798095365,0.04166069364166975,-0.014067505553442414,0.9121497355187883,64,91
Qwen2.5-7B,base,23,0.5808722527472527,0.010756199278838086,0.04363979622588589,-0.01977054834537853,0.8767722789667494,64,91
Qwen2.5-7B,base,24,0.5997596153846153,0.013677423697087798,0.01744227770631366,-0.0009505071319893523,0.9940524753468998,64,91
Qwen2.5-7B,base,25,0.6153846153846154,0.015436382309257368,0.007335202155163609,-0.0013307099847850931,0.9916735377027687,64,91
Qwen2.5-7B,base,26,0.629635989010989,0.015341209452394589,0.003052763425616642,0.01802795193673138,0.8875598554433591,64,91
Qwen2.5-7B,base,27,0.6289491758241759,0.014614318016466177,0.0031905955567062597,-0.011564503439203786,0.927734459368634,64,91
Qwen2.5-7B,base,28,0.5896291208791208,0.011538116619564054,0.029028070277812155,0.035485599594269154,0.7807227239652464,64,91
Qwen2.5-7B,critical,0,0.5,0.0,1.0,,,72,84
Qwen2.5-7B,critical,1,0.5028108465608465,0.00010852160907925956,0.4766127083368372,0.019820016364109808,0.8687462322706467,72,84
Qwen2.5-7B,critical,2,0.48090277777777785,-0.00023932506640755857,0.6599680242996523,-0.006606672121369938,0.9560755795514964,72,84
Qwen2.5-7B,critical,3,0.4826388888888889,-7.119798471122429e-06,0.6461877797593437,0.025304800766756546,0.8328917777398912,72,84
Qwen2.5-7B,critical,4,0.4885912698412698,-7.390077151958607e-05,0.5975729075266493,-0.04950848951328478,0.6796105425011268,72,84
Qwen2.5-7B,critical,5,0.5300925925925926,0.0003014707139560313,0.25939052590402434,0.047721779442725605,0.6905765637974038,72,84
Qwen2.5-7B,critical,6,0.4885912698412698,-0.00013189195167451206,0.5975729075266493,-0.14856701993684407,0.21294970466394741,72,84
Qwen2.5-7B,critical,7,0.4561838624338625,-0.0012885769681324488,0.8273748760384059,-0.18209899730757073,0.12578173186314895,72,84
Qwen2.5-7B,critical,8,0.4384920634920635,-0.0025597146106145496,0.907285531109145,-0.1622997566419558,0.1731641244121768,72,84
Qwen2.5-7B,critical,9,0.4517195767195767,-0.0022580161217659045,0.8507896839523975,0.07647534615963125,0.5231521979285081,72,84
Qwen2.5-7B,critical,10,0.47321428571428575,-0.0007403044710083684,0.7182603294607057,0.041052780225871055,0.7320557200377915,72,84
Qwen2.5-7B,critical,11,0.45486111111111116,-0.0018477742634122052,0.834544856701263,0.019965446253573927,0.867791795072566,72,84
Qwen2.5-7B,critical,12,0.46048280423280424,-0.0015454648269547233,0.8027300932396829,0.06473707651002744,0.5890137483591318,72,84
Qwen2.5-7B,critical,13,0.453207671957672,-0.001353888402855552,0.8432323421697991,0.10560287544944462,0.3773120742409359,72,84
Qwen2.5-7B,critical,14,0.5004960317460317,-0.000615149972930773,0.4964544855239609,0.023268782314258895,0.8461658021204627,72,84
Qwen2.5-7B,critical,15,0.5013227513227514,9.052620993721394e-05,0.489364576637192,0.018220287580004508,0.8792570996496365,72,84
Qwen2.5-7B,critical,16,0.5049603174603174,0.00023968316732891903,0.45823894046074604,0.035339463139780695,0.7682159808834219,72,84
Qwen2.5-7B,critical,17,0.5206679894179894,0.0009474906893003343,0.3290301790800322,0.039536154235745254,0.7416016844935001,72,84
Qwen2.5-7B,critical,18,0.53125,0.001256522205140831,0.25139375603510167,0.043192677170843075,0.7186557757205719,72,84
Qwen2.5-7B,critical,19,0.5236441798941799,0.0006145966194924801,0.3062240639578013,0.05081735851846184,0.6716190171579488,72,84
Qwen2.5-7B,critical,20,0.49041005291005296,-0.0008924745378040555,0.5823719495429431,0.1309700033116858,0.27281662082508273,72,84
Qwen2.5-7B,critical,21,0.4965277777777778,-0.0004320474607604208,0.5304621640287043,0.15988977561655043,0.17972099626000973,72,84
Qwen2.5-7B,critical,22,0.4953703703703704,9.5750840883424e-05,0.5403503525160793,0.1679091952355718,0.1585830540158205,72,84
Qwen2.5-7B,critical,23,0.49636243386243384,0.0009206771141007097,0.5318760569680434,0.13923873131264564,0.24341446366626707,72,84
Qwen2.5-7B,critical,24,0.49520502645502645,0.0013363115371219925,0.541761059539254,0.16419034520498935,0.1681441458309805,72,84
Qwen2.5-7B,critical,25,0.4950396825396825,0.001643808942938585,0.5431712407301461,0.15232742136441627,0.2014649457285592,72,84
Qwen2.5-7B,critical,26,0.5026455026455027,0.0018654171200025438,0.4780286397428368,0.17592861485459313,0.13934513984264746,72,84
Qwen2.5-7B,critical,27,0.4915674603174603,0.0013821219641064753,0.5726325794483034,0.165893952481569,0.16371294786766669,72,84
Qwen2.5-7B,critical,28,0.46924603174603174,-0.002476749912140863,0.7463348272422334,0.2517806900593782,0.0328804223567439,72,84
Qwen2.5-7B,presupposition,0,0.5,0.0,1.0,,,66,87
Qwen2.5-7B,presupposition,1,0.5558167885754093,0.001454075520066045,0.11923411036492199,0.0846972186754122,0.49894351702185197,66,87
Qwen2.5-7B,presupposition,2,0.5428422152560084,0.0007230246453200362,0.18289740276331018,0.09280208241580845,0.45861815223557517,66,87
Qwen2.5-7B,presupposition,3,0.5256008359456636,8.700322457122489e-05,0.29470888063516076,-0.07369577133020082,0.5564862880425293,66,87
Qwen2.5-7B,presupposition,4,0.5090560780215952,-0.00029688830659679866,0.424765509406437,-0.09249571299606839,0.46010928088454606,66,87
Qwen2.5-7B,presupposition,5,0.498780912574016,-0.0008470827446960261,0.5110208412828496,-0.228774401249535,0.06465334366077014,66,87
Qwen2.5-7B,presupposition,6,0.46725879484500177,-0.0008042323302823728,0.756284458963384,-0.28907347340746575,0.01856900530266848,66,87
Qwen2.5-7B,presupposition,7,0.4653430860327412,-0.0008900661640406371,0.768806665532293,-0.23114180131116274,0.061859733566612764,66,87
Qwen2.5-7B,presupposition,8,0.4606408916753745,-0.0016037390461286494,0.7979681757606674,-0.1260292385748899,0.31329546850694573,66,87
Qwen2.5-7B,presupposition,9,0.40282131661442,-0.0039356971858311995,0.9801768255399868,-0.11675460068639525,0.35051334884943913,66,87
Qwen2.5-7B,presupposition,10,0.524904214559387,0.0010225794968061752,0.29981082653082575,-0.05495153319519509,0.6612195611259221,66,87
Qwen2.5-7B,presupposition,11,0.4907697666318355,-4.6192229479213864e-05,0.5781192901887788,-0.08505929162601411,0.4971036521939862,66,87
Qwen2.5-7B,presupposition,12,0.43991640543364674,-0.0021135351438632544,0.8984484955999645,-0.1484499097467764,0.2342136706266205,66,87
Qwen2.5-7B,presupposition,13,0.44218042493904564,-0.001317395343053085,0.8896880675548116,-0.11469357004450756,0.35914114641698325,66,87
Qwen2.5-7B,presupposition,14,0.49599442702890983,9.83663487219566e-06,0.5344932733086368,-0.017184539270874495,0.8910699284438739,66,87
Qwen2.5-7B,presupposition,15,0.5228143504005572,0.0013004171125816644,0.31535107365608306,-0.01796438870294011,0.8861587596968873,66,87
Qwen2.5-7B,presupposition,16,0.5456287008011146,0.002018557478018823,0.16769359953633778,-0.022086449986715516,0.860274875063927,66,87
Qwen2.5-7B,presupposition,17,0.577324973876698,0.0028940034386008007,0.051153033401605694,-0.035956629171311136,0.7743999101433712,66,87
Qwen2.5-7B,presupposition,18,0.5788923719958203,0.0028356744079629514,0.047764204606760084,-0.015262767456141364,0.9031895020295297,66,87
Qwen2.5-7B,presupposition,19,0.5828979449669105,0.0030374672719303275,0.039916360559776334,0.020415344060860624,0.8707522685313691,66,87
Qwen2.5-7B,presupposition,20,0.5445837687216998,0.00206593501156771,0.1732969386274889,-0.07492124900916108,0.5499234478017785,66,87
Qwen2.5-7B,presupposition,21,0.5050505050505051,0.0005090467421612344,0.45819229456096483,-0.15978557827715878,0.19999921288634875,66,87
Qwen2.5-7B,presupposition,22,0.48815743643329856,-0.0006577891989560936,0.5996115689817746,-0.17301516685684334,0.16476350694540878,66,87
Qwen2.5-7B,presupposition,23,0.4926854754440962,-0.00031484176123530716,0.5622051495052559,-0.1736000539308926,0.16331861070159617,66,87
Qwen2.5-7B,presupposition,24,0.4756182514803205,-0.00071180906913626,0.697623293634466,-0.12040318195784512,0.3355576209842992,66,87
Qwen2.5-7B,presupposition,25,0.5101010101010102,0.0021918201147576033,0.4161238181119529,-0.0504673989608178,0.687373488639996,66,87
Qwen2.5-7B,presupposition,26,0.5268199233716475,0.0037811530857125852,0.28587817792456305,-0.0028687318393842347,0.981761602480526,66,87
Qwen2.5-7B,presupposition,27,0.5494601184256357,0.005514272857484737,0.14815859604319093,0.00807701197496532,0.9486794047588032,66,87
Qwen2.5-7B,presupposition,28,0.5459770114942528,0.004794829473475648,0.16585204211455773,-0.05247272607184367,0.675629877302301,66,87
Llama-3.1-8B,base,0,0.5,0.0,1.0,,,130,22
Llama-3.1-8B,base,1,0.6300699300699301,0.002549879409216582,0.02586024976734931,0.04748540251137912,0.5916195495686267,130,22
Llama-3.1-8B,base,2,0.4828671328671329,0.0001459343033236582,0.6022669235929936,0.024870486613993308,0.7788086682969333,130,22
Llama-3.1-8B,base,3,0.5304195804195804,0.0008929463950070327,0.3252819579666863,0.0552502047033004,0.5324028446453627,130,22
Llama-3.1-8B,base,4,0.6171328671328672,0.001903545564704845,0.039913299118999886,0.0935526149346913,0.28974294263121997,130,22
Llama-3.1-8B,base,5,0.587062937062937,0.0017425711338336924,0.09657232959146433,0.17167712616778738,0.050814758406413724,130,22
Llama-3.1-8B,base,6,0.6269230769230769,0.0029995879510065215,0.028826832740666754,0.19553260595930733,0.025784059711840977,130,22
Llama-3.1-8B,base,7,0.5622377622377622,0.0021822261643577034,0.17630899574731307,0.18373033218465865,0.036397120946728936,130,22
Llama-3.1-8B,base,8,0.5891608391608392,0.00319932011457591,0.09130643256603194,0.19375352455658315,0.027190740699905767,130,22
Llama-3.1-8B,base,9,0.5839160839160839,0.0028654343598373266,0.1048843386316956,0.18220500248755284,0.03800569875006252,130,22
Llama-3.1-8B,base,10,0.5954545454545455,0.004126018827611655,0.07678785207716361,0.04345075039204748,0.6235241274657373,130,22
Llama-3.1-8B,base,11,0.5772727272727273,0.0037140736629913684,0.12410593143902182,-0.009335243303359239,0.91604854427572,130,22
Llama-3.1-8B,base,12,0.5164335664335664,0.0015060630294827515,0.4038055945841117,-0.04875134157607508,0.5817639386482454,130,22
Llama-3.1-8B,base,13,0.5192307692307692,0.0019224108515919491,0.38766774008022087,-0.11085284233107073,0.20926707366703712,130,22
Llama-3.1-8B,base,14,0.4618881118881119,-0.0005453865844886607,0.7168212424699746,-0.13002801288563015,0.1403480495261004,130,22
Llama-3.1-8B,base,15,0.4552447552447553,-0.0028032478752669787,0.7495016861986566,-0.1021407004381743,0.24753290049244597,130,22
Llama-3.1-8B,base,16,0.48391608391608393,-0.001960764481471089,0.5961944054158883,-0.0775126876762163,0.38072314039254485,130,22
Llama-3.1-8B,base,17,0.42657342657342656,-0.004614950810279073,0.864842188231946,-0.09100945895171637,0.30311124723033556,130,22
Llama-3.1-8B,base,18,0.42272727272727273,-0.005379719792546145,0.8769634346964454,-0.015769258772482093,0.8586666165012553,130,22
Llama-3.1-8B,base,19,0.4,-0.00696894193029074,0.9332354055381789,0.05071650756291935,0.5666167932606677,130,22
Llama-3.1-8B,base,20,0.4213286713286714,-0.006544120370091333,0.8811762434914221,0.04194515693871199,0.6356154434469862,130,22
Llama-3.1-8B,base,21,0.45314685314685316,-0.004673745540472174,0.7593903892392371,0.06406666674183993,0.4689664281742561,130,22
Llama-3.1-8B,base,22,0.4653846153846154,-0.003947542639045509,0.6988363579006649,0.05956116423541646,0.5008577027401887,130,22
Llama-3.1-8B,base,23,0.4545454545454546,-0.005760805131672209,0.7528216617473227,0.11454915884291127,0.1943824318937424,130,22
Llama-3.1-8B,base,24,0.46293706293706294,-0.00499390034408842,0.7114801310151333,0.07870814015601826,0.3733985419622732,130,22
Llama-3.1-8B,base,25,0.46573426573426574,-0.005568242031377513,0.6970099106583287,0.09697262403374739,0.2723929965227132,130,22
Llama-3.1-8B,base,26,0.4646853146853147,-0.006444787520628714,0.702474285374091,0.07517817198452756,0.3952760303807211,130,22
Llama-3.1-8B,base,27,0.46643356643356637,-0.00675875644583801,0.6933422322853018,0.04936316513295486,0.5770281014276882,130,22
Llama-3.1-8B,base,28,0.48216783216783216,-0.004345215158862659,0.6063016444737124,0.05614397459975612,0.5257820132167995,130,22
Llama-3.1-8B,base,29,0.4513986013986014,-0.008040453212244558,0.7674658533180123,0.044939427065008426,0.6116664311763726,130,22
Llama-3.1-8B,base,30,0.470979020979021,-0.007502607115498883,0.6690417449314872,0.060759436178614186,0.4922666620425597,130,22
Llama-3.1-8B,base,31,0.47517482517482523,-0.006931839706180831,0.645956919208611,0.05941737160223274,0.5018938785190009,130,22
Llama-3.1-8B,base,32,0.46013986013986014,-0.012680703443247121,0.7256162240402921,0.039370986858383694,0.6565110730509605,130,22
Llama-3.1-8B,critical,0,0.5,0.0,1.0,,,125,27
Llama-3.1-8B,critical,1,0.5386666666666666,0.00046619383494050926,0.26543188921772615,0.034094414732315594,0.7058262871472556,125,27
Llama-3.1-8B,critical,2,0.517037037037037,0.0011599984875431124,0.3917431778181633,-0.07250558632898249,0.42165601347563436,125,27
Llama-3.1-8B,critical,3,0.5013333333333334,0.0004940598099320015,0.49230778944566217,0.03820409469911499,0.6722966312261597,125,27
Llama-3.1-8B,critical,4,0.5626666666666666,0.0003711442770780726,0.15453799152208525,0.11968407518815476,0.1836996721298659,125,27
Llama-3.1-8B,critical,5,0.5641481481481482,0.0010881715880499687,0.1488760100954275,0.23758410325893925,0.007632729823929867,125,27
Llama-3.1-8B,critical,6,0.5442962962962963,0.0007164094006574251,0.23629206793281654,0.23131445196075223,0.009445526709947295,125,27
Llama-3.1-8B,critical,7,0.5392592592592593,0.0006418412526448813,0.2622808917388294,0.14635239379441653,0.10339500897566552,125,27
Llama-3.1-8B,critical,8,0.4915555555555556,-0.0010120617372019192,0.5555908465357201,0.12881138767255806,0.15224159219937497,125,27
Llama-3.1-8B,critical,9,0.45837037037037043,-0.001841594060262075,0.7516576694109659,0.08604841542887723,0.3400043497642283,125,27
Llama-3.1-8B,critical,10,0.4100740740740741,-0.005158144014853039,0.9286057825957428,0.0631680111486034,0.48402467231280305,125,27
Llama-3.1-8B,critical,11,0.40711111111111115,-0.006728607919481044,0.9349480795156703,0.11265301806666153,0.2109959224887663,125,27
Llama-3.1-8B,critical,12,0.3863703703703705,-0.009757872793409561,0.9679252858647824,0.061189630327376704,0.49784551275596417,125,27
Llama-3.1-8B,critical,13,0.3834074074074075,-0.009229144431926573,0.9712405451252739,0.0642065814347868,0.47685242381857373,125,27
Llama-3.1-8B,critical,14,0.37985185185185183,-0.01009271355028507,0.9748377148566927,-0.020538842438725342,0.8201529404155198,125,27
Llama-3.1-8B,critical,15,0.39911111111111114,-0.007036305427551293,0.9498964877355143,-0.06654814327633532,0.46089491284027756,125,27
Llama-3.1-8B,critical,16,0.46992592592592586,-0.001960442101513915,0.6885374758593108,0.0013953797096574686,0.9876778847833342,125,27
Llama-3.1-8B,critical,17,0.4391111111111111,-0.005258704944893111,0.8396595031030065,-0.09027278413893614,0.3167365250205649,125,27
Llama-3.1-8B,critical,18,0.4625185185185185,-0.002490646715517353,0.7298058654994114,-0.09969319007833599,0.26865538368441044,125,27
Llama-3.1-8B,critical,19,0.5075555555555555,0.0004189916540074945,0.4520368381552689,-0.09467555756073208,0.2936114688648017,125,27
Llama-3.1-8B,critical,20,0.4998518518518518,-0.0004047117409883283,0.5019231643630784,-0.10217174125211113,0.2568747943661336,125,27
Llama-3.1-8B,critical,21,0.5315555555555556,0.0017500958619294238,0.3046784185468827,-0.07342946787190638,0.4157491378378203,125,27
Llama-3.1-8B,critical,22,0.5303703703703704,0.0007762914057131143,0.31146252414068926,-0.1079890091741078,0.23063161538579585,125,27
Llama-3.1-8B,critical,23,0.5493333333333333,0.003605029035497642,0.21178809341154425,-0.13602722110263607,0.13038341257464925,125,27
Llama-3.1-8B,critical,24,0.5537777777777778,0.003646752516428542,0.1914562444627711,-0.161080339907993,0.07272090913305035,125,27
Llama-3.1-8B,critical,25,0.5742222222222222,0.005852202574411991,0.11406899300281231,-0.14030574838590085,0.11860944362048925,125,27
Llama-3.1-8B,critical,26,0.5641481481481482,0.005688686812365451,0.1488760100954275,-0.1496369519694322,0.09579788624076643,125,27
Llama-3.1-8B,critical,27,0.5875555555555556,0.008490013104897942,0.07749865959536348,-0.15277814921537344,0.08895198925048337,125,27
Llama-3.1-8B,critical,28,0.6077037037037037,0.011081879191928379,0.0400672940842829,-0.13628845657339386,0.12963977258860382,125,27
Llama-3.1-8B,critical,29,0.6195555555555556,0.01186879143891506,0.02602422752127586,-0.13785268359951675,0.12525486925610582,125,27
Llama-3.1-8B,critical,30,0.6299259259259259,0.014684487484119657,0.01736654843959769,-0.10881094516746767,0.22708122123139185,125,27
Llama-3.1-8B,critical,31,0.6331851851851852,0.018245604762324508,0.015213615403042455,-0.0616197131145999,0.4948234433915238,125,27
Llama-3.1-8B,critical,32,0.6358518518518518,0.023291654383694738,0.013626602815329205,-0.06749920779136082,0.454498712691826,125,27
Llama-3.1-8B,presupposition,0,0.5,0.0,1.0,,,111,35
Llama-3.1-8B,presupposition,1,0.5166023166023166,-3.091776539765334e-05,0.3846194916957472,0.1128022290647495,0.23849435830320428,111,35
Llama-3.1-8B,presupposition,2,0.4567567567567568,-0.0017528919332889803,0.7800583286918179,0.04453999501836656,0.6425213556451407,111,35
Llama-3.1-8B,presupposition,3,0.45534105534105535,-0.00119270348640943,0.7874489660930949,0.03718472438743614,0.6984122618571068,111,35
Llama-3.1-8B,presupposition,4,0.47001287001287,-0.0007620983142190285,0.7041305750663489,0.11363732529358878,0.2350139591555005,111,35
Llama-3.1-8B,presupposition,5,0.4954954954954955,-0.0007144120209005012,0.5328795951215393,0.12903613267811934,0.17709914847553213,111,35
Llama-3.1-8B,presupposition,6,0.49395109395109393,-0.0007318272246970015,0.5438008369513486,0.10073921815475821,0.2927913294451433,111,35
Llama-3.1-8B,presupposition,7,0.487001287001287,-0.0009934022619917382,0.5924219580654166,0.020349735026934757,0.8321127176250143,111,35
Llama-3.1-8B,presupposition,8,0.4664092664092664,-0.0014154905671471818,0.7259110412162257,0.030292886279103332,0.7522947828888508,111,35
Llama-3.1-8B,presupposition,9,0.4993564993564994,-8.660303272944869e-05,0.5054859781878852,0.03340384915357047,0.7278066370062514,111,35
Llama-3.1-8B,presupposition,10,0.4808236808236808,-0.0016115826836270442,0.6344992192977693,0.00834637384757482,0.9307187363517092,111,35
Llama-3.1-8B,presupposition,11,0.48468468468468473,-0.0029168981996435805,0.6083552600360377,0.007034079773684551,0.9415907741955136,111,35
Llama-3.1-8B,presupposition,12,0.4705276705276705,-0.0029020627953371125,0.7009553173818402,0.025296074228521155,0.792137527119106,111,35
Llama-3.1-8B,presupposition,13,0.47670527670527674,-0.002639192703301152,0.6617105905081712,0.002349281698712649,0.9804768636197757,111,35
Llama-3.1-8B,presupposition,14,0.44427284427284436,-0.0038041945896860607,0.8400611647577236,0.020285496855485582,0.8326349418132455,111,35
Llama-3.1-8B,presupposition,15,0.39330759330759335,-0.004603999477248988,0.9714356104001417,-0.0187621345039766,0.8450399724609147,111,35
Llama-3.1-8B,presupposition,16,0.4378378378378378,-0.002461288211581869,0.8663511479711704,-0.04027733349863209,0.6746938178704384,111,35
Llama-3.1-8B,presupposition,17,0.4159588159588159,-0.004884744273496278,0.9330553774461152,-0.008906163627346192,0.9260847731740419,111,35
Llama-3.1-8B,presupposition,18,0.44144144144144143,-0.0036198303045914537,0.8520190980211733,-0.00020647983680091637,0.9982839317579052,111,35
Llama-3.1-8B,presupposition,19,0.44015444015444016,-0.00505272799016887,0.8572514539181961,-0.03317442711268056,0.7296035623162552,111,35
Llama-3.1-8B,presupposition,20,0.4404118404118404,-0.005429776709052203,0.8562151166749247,-0.03479414672136331,0.7169491335981613,111,35
Llama-3.1-8B,presupposition,21,0.46074646074646075,-0.0034226712572988927,0.758454201907873,-0.017812327254692385,0.852793860013691,111,35
Llama-3.1-8B,presupposition,22,0.4525096525096525,-0.0041699266801930035,0.8017877133353173,-0.029095303225658016,0.7617891129001844,111,35
Llama-3.1-8B,presupposition,23,0.4568854568854569,-0.0036564182897639297,0.7793789770194937,-0.002688826319229711,0.9776558419149128,111,35
Llama-3.1-8B,presupposition,24,0.4548262548262548,-0.004340265923331921,0.7901001604951496,-0.004267249960552271,0.9645460762545789,111,35
Llama-3.1-8B,presupposition,25,0.46151866151866155,-0.003595685222434253,0.7541435744948322,4.588440817798142e-05,0.9996186512261336,111,35
Llama-3.1-8B,presupposition,26,0.45894465894465897,-0.0038318009450168944,0.7683507412822079,0.00311096287446714,0.9741490139400606,111,35
Llama-3.1-8B,presupposition,27,0.46100386100386104,-0.0028025334099238686,0.7570219027674505,0.006653239185807305,0.9447480457924444,111,35
Llama-3.1-8B,presupposition,28,0.46254826254826253,-0.0027490827260944206,0.748332444113235,0.007309386222752439,0.9393089698983117,111,35
Llama-3.1-8B,presupposition,29,0.4620334620334621,-0.0021710929416474123,0.7512470449828634,0.00023859892252550338,0.9980169883146773,111,35
Llama-3.1-8B,presupposition,30,0.5037323037323038,0.003015819755760374,0.4744155239501892,0.0316281225570826,0.7417526173551472,111,35
Llama-3.1-8B,presupposition,31,0.5132561132561133,0.004416590875333526,0.4075780419345833,0.03742332330996164,0.6965716176645813,111,35
Llama-3.1-8B,presupposition,32,0.49472329472329474,0.0024018424511569325,0.5383438302895469,0.024057195207715657,0.8021037491051954,111,35
Qwen3.5-9B,base,0,0.5,0.0,1.0,,,75,37
Qwen3.5-9B,base,1,0.44180180180180184,-9.693482974626466e-05,0.8418661614889722,-0.03425166157712104,0.7704918864689444,75,37
Qwen3.5-9B,base,2,0.41909909909909915,-0.00032681484480168166,0.9180209367606004,-0.0744880869731673,0.5253408950693984,75,37
Qwen3.5-9B,base,3,0.4302702702702703,-0.0006219992981301159,0.8849520015976627,-0.13408748976221163,0.25141638518019244,75,37
Qwen3.5-9B,base,4,0.4144144144144144,-0.0010441034119408332,0.9295303111382826,-0.12219143109909736,0.2963212795148234,75,37
Qwen3.5-9B,base,5,0.4464864864864865,-0.0020709220783130533,0.8216666440894265,-0.2314445956421918,0.04572530999884588,75,37
Qwen3.5-9B,base,6,0.47099099099099095,-0.001507338317664919,0.6918417193586144,-0.234973213793829,0.042432202478654146,75,37
Qwen3.5-9B,base,7,0.4540540540540541,-0.0018479545051987012,0.7857689934562044,-0.22091829592401688,0.05682166923262069,75,37
Qwen3.5-9B,base,8,0.4317117117117117,-0.001699149673049516,0.8800760482997909,-0.24013958720571965,0.03796695711421413,75,37
Qwen3.5-9B,base,9,0.4259459459459459,-0.0022719561087118922,0.8987294689174843,-0.244784856671166,0.034293047641640886,75,37
Qwen3.5-9B,base,10,0.4252252252252252,-0.003158938090006558,0.9009036324281613,-0.25464116560105543,0.02747524360459299,75,37
Qwen3.5-9B,base,11,0.4162162162162162,-0.004346203352953881,0.9252600734982326,-0.238367833787809,0.039451981762021485,75,37
Qwen3.5-9B,base,12,0.40936936936936935,-0.003881068895528972,0.9404909057989691,-0.25641291901896607,0.02638003605651407,75,37
Qwen3.5-9B,base,13,0.41873873873873874,-0.004073130268234304,0.9189537007211028,-0.23323123774428658,0.04403248905265429,75,37
Qwen3.5-9B,base,14,0.41405405405405404,-0.004291500271977666,0.9303613987203013,-0.24192622930781438,0.0365168916526454,75,37
Qwen3.5-9B,base,15,0.42486486486486486,-0.003154181660832589,0.9019778240706832,-0.2518420929744403,0.029283657647079853,75,37
Qwen3.5-9B,base,16,0.4190990990990991,-0.004643295391185909,0.9180209367606004,-0.23827850168270429,0.039528117795718194,75,37
Qwen3.5-9B,base,17,0.4295495495495495,-0.004478554167189008,0.8873363982039897,-0.23381189642746739,0.0434936067944779,75,37
Qwen3.5-9B,base,18,0.4436036036036036,-0.0035398685824764575,0.8342817133334645,-0.19720062201870894,0.08992003375741035,75,37
Qwen3.5-9B,base,19,0.4522522522522523,-0.0029812667606113896,0.794676882867096,-0.20415363753269442,0.07893804468249321,75,37
Qwen3.5-9B,base,20,0.44756756756756755,-0.0033590967375952685,0.8167839601084075,-0.17628202074001614,0.13031003093775054,75,37
Qwen3.5-9B,base,21,0.4601801801801802,-0.003372056677534818,0.7538520621062277,-0.17413805021750245,0.13512540213938273,75,37
Qwen3.5-9B,base,22,0.45693693693693693,-0.0037242275100570765,0.7710584341057811,-0.1816866130988528,0.11875054530129255,75,37
Qwen3.5-9B,base,23,0.46126126126126127,-0.002315895901069953,0.7479661949027846,-0.18146328283609095,0.11921206326173954,75,37
Qwen3.5-9B,base,24,0.4497297297297297,-0.004625582652049043,0.8067713498995117,-0.19106648413485028,0.10057790291958152,75,37
Qwen3.5-9B,base,25,0.461981981981982,-0.003428044168798716,0.7440014182002024,-0.18406880256831248,0.11391265340278535,75,37
Qwen3.5-9B,base,26,0.461981981981982,-0.0027148153545619724,0.7440014182002024,-0.1813590620468021,0.11942790880060287,75,37
Qwen3.5-9B,base,27,0.47387387387387386,-0.0012320371361466131,0.6742172321551874,-0.12768535556303875,0.27496910010745296,75,37
Qwen3.5-9B,base,28,0.45837837837837836,-0.004041839139955594,0.7634957112549097,-0.18826741150823514,0.10575757825407009,75,37
Qwen3.5-9B,base,29,0.4717117117117117,-0.0031648135400033084,0.6874748045300033,-0.15697139735320864,0.17864658251244903,75,37
Qwen3.5-9B,base,30,0.47711711711711713,-0.0034145245680937686,0.6539154348950675,-0.1522070184142893,0.19236246017016503,75,37
Qwen3.5-9B,base,31,0.47855855855855856,-0.0019412091186453706,0.6447439980077349,-0.12162566110010069,0.298580221070864,75,37
Qwen3.5-9B,base,32,0.4990990990990991,-0.00014084869676878053,0.5074033162052798,-0.059524959368123694,0.6119491534893416,75,37
Qwen3.5-9B,critical,0,0.5,0.0,1.0,,,79,33
Qwen3.5-9B,critical,1,0.5028768699654776,-3.7258916034788037e-05,0.4821825535101665,0.04252334525005559,0.7098185262042535,79,33
Qwen3.5-9B,critical,2,0.48983505945531264,-2.5868164336140254e-05,0.5684084171202063,0.15454530412669362,0.17385519245372538,79,33
Qwen3.5-9B,critical,3,0.46797084771768316,-0.0001143871206042979,0.7040614070972685,0.09817764123977933,0.3893508381604823,79,33
Qwen3.5-9B,critical,4,0.49367088607594933,0.00012286366929847858,0.5432004665682962,0.06505344818701778,0.5689521532090016,79,33
Qwen3.5-9B,critical,5,0.4790947449175297,0.00010335308224207473,0.6372168792439737,0.03475598999523663,0.7610623957004944,79,33
Qwen3.5-9B,critical,6,0.48753356348293053,0.00018211507596044285,0.5834071926203956,0.037557027266571785,0.7424509503863036,79,33
Qwen3.5-9B,critical,7,0.4737245876486383,-0.0001699903663383573,0.6701699233204061,0.008737180479394051,0.9390838488309705,79,33
Qwen3.5-9B,critical,8,0.48177982355197546,0.00026306259618402716,0.620332051321808,-0.0009765084065205118,0.9931853080875556,79,33
Qwen3.5-9B,critical,9,0.4936708860759494,0.0007219255359226517,0.5432004665682962,0.019286041028780107,0.8660314597072798,79,33
Qwen3.5-9B,critical,10,0.477560414269275,0.00025607250547976523,0.6467492757183424,0.00822322868648852,0.942660908716495,79,33
Qwen3.5-9B,critical,11,0.4959723820483314,0.0010174013528505554,0.5279851082119995,-0.02974496001440769,0.7946921024386951,79,33
Qwen3.5-9B,critical,12,0.5090141925584963,0.0011017209138274309,0.44164725472183697,-0.028395836558030668,0.8038133833463432,79,33
Qwen3.5-9B,critical,13,0.5193709244342155,0.0016212708473571924,0.3748186319597153,-0.03349680810261808,0.7694740991924195,79,33
Qwen3.5-9B,critical,14,0.5270425776754891,0.0017804981741267323,0.3275224529148336,-0.04972483596361026,0.6634253704474747,79,33
Qwen3.5-9B,critical,15,0.5312619869581895,0.001743799637778709,0.302588316602087,-0.11593467568466548,0.3089340686843989,79,33
Qwen3.5-9B,critical,16,0.5381664748753356,0.0016215481106971463,0.2637414552112904,-0.1402574442839198,0.21762433925524946,79,33
Qwen3.5-9B,critical,17,0.5439202148062908,0.0019433165264166607,0.23343280689651963,-0.14976555245267215,0.18771407474949411,79,33
Qwen3.5-9B,critical,18,0.5423858841580361,0.002178862902411205,0.2413212052332399,-0.09536375517362154,0.4031498571474707,79,33
Qwen3.5-9B,critical,19,0.5266589950134253,0.00197551250000505,0.3298300766795939,-0.0917275462388149,0.42140036115816537,79,33
Qwen3.5-9B,critical,20,0.5285769083237437,0.0019162433971424697,0.31835840750129657,-0.10817400361179194,0.3426537714850172,79,33
Qwen3.5-9B,critical,21,0.5373993095512082,0.0026918839667554595,0.2679290842478774,-0.14871195127721581,0.1908736320928297,79,33
Qwen3.5-9B,critical,22,0.5458381281166093,0.0037169090669000315,0.22377672100930424,-0.17471791199823578,0.12354908861992527,79,33
Qwen3.5-9B,critical,23,0.5301112389719985,0.0014765255058868387,0.30930418720361796,-0.1628199279924727,0.15165936516968384,79,33
Qwen3.5-9B,critical,24,0.5596471039509014,0.004260643236381867,0.16126678532389271,-0.15288780959457327,0.1785735604086905,79,33
Qwen3.5-9B,critical,25,0.5427694668200997,0.003428614569387145,0.23933562984331513,-0.1436752237067416,0.20650859233708538,79,33
Qwen3.5-9B,critical,26,0.5404679708477177,0.002952195649682965,0.25138199041607423,-0.13209845957154448,0.24584684113254074,79,33
Qwen3.5-9B,critical,27,0.5320291522823168,0.0008768754120662692,0.2981477076811692,-0.14217191471249294,0.2113470071639274,79,33
Qwen3.5-9B,critical,28,0.55427694668201,0.005086311513910258,0.1840835664020316,-0.1390753551602371,0.22156528175012433,79,33
Qwen3.5-9B,critical,29,0.5496739547372458,0.0045267719165273945,0.2051619811804316,-0.04791315589361826,0.674986292568827,79,33
Qwen3.5-9B,critical,30,0.5397008055235903,0.004338178042026519,0.25546751433622017,-0.04836286371241061,0.6721094062104324,79,33
Qwen3.5-9B,critical,31,0.551975450709628,0.005772364839174093,0.19444894076717117,-0.06240659645355428,0.5848090286477385,79,33
Qwen3.5-9B,critical,32,0.5538933640199464,0.004430600908189364,0.18578682644605377,-0.06373002232028602,0.5768554127576823,79,33
Qwen3.5-9B,presupposition,0,0.5,0.0,1.0,,,90,22
Qwen3.5-9B,presupposition,1,0.4818181818181818,2.1192160519767356e-06,0.6053839184053648,0.018133202386842996,0.8652964715199262,90,22
Qwen3.5-9B,presupposition,2,0.44545454545454544,-1.8748550704050793e-05,0.7865768821045769,-0.14087634419173173,0.1853688719800984,90,22
Qwen3.5-9B,presupposition,3,0.5297979797979798,0.00029666917492643385,0.3341709111170051,-0.2246705517632094,0.03326125485773109,90,22
Qwen3.5-9B,presupposition,4,0.5959595959595959,0.0005655215244101397,0.08259842393481304,-0.07769754970846608,0.46667387464196197,90,22
Qwen3.5-9B,presupposition,5,0.4287878787878787,-0.000745560424496472,0.8499631922821373,-0.20618896892705144,0.05120679945768176,90,22
Qwen3.5-9B,presupposition,6,0.4247474747474747,-0.0019173138671451095,0.8632117907210258,-0.1361209510585827,0.200802281160715,90,22
Qwen3.5-9B,presupposition,7,0.41666666666666663,-0.003531218297553762,0.8872513860303347,-0.17220445609637836,0.10459201124760312,90,22
Qwen3.5-9B,presupposition,8,0.39646464646464646,-0.004339183882029363,0.9338353477848499,-0.14597140826296282,0.16981002840148368,90,22
Qwen3.5-9B,presupposition,9,0.4060606060606061,-0.003971229478566318,0.9140043271096023,-0.13017235488652998,0.22137806183347014,90,22
Qwen3.5-9B,presupposition,10,0.37828282828282833,-0.006776630517208226,0.961521823827533,-0.13655642662022638,0.19935178789461083,90,22
Qwen3.5-9B,presupposition,11,0.397979797979798,-0.005486314525507963,0.9309640115391262,-0.16585522240761347,0.11822019524807846,90,22
Qwen3.5-9B,presupposition,12,0.352020202020202,-0.005661451696145403,0.984200541896675,-0.11177786716270077,0.2942305148488131,90,22
Qwen3.5-9B,presupposition,13,0.35909090909090907,-0.006125447665802142,0.9796669718869446,-0.10680473624872991,0.3163703340726616,90,22
Qwen3.5-9B,presupposition,14,0.35101010101010094,-0.007013609433415002,0.9847714646277281,-0.1062734560635246,0.3187974517801699,90,22
Qwen3.5-9B,presupposition,15,0.3560606060606061,-0.007147261530461968,0.9817296844862388,-0.10769310639448304,0.3123385757810897,90,22
Qwen3.5-9B,presupposition,16,0.3565656565656566,-0.007646840810775712,0.981398817986227,-0.12932753229694124,0.2244164856274367,90,22
Qwen3.5-9B,presupposition,17,0.35505050505050506,-0.007378729365088765,0.9823763934226745,-0.1534267498783027,0.1488089856114248,90,22
Qwen3.5-9B,presupposition,18,0.3641414141414142,-0.0058759889819405275,0.975791145623843,-0.11522683361091875,0.27949064496156134,90,22
Qwen3.5-9B,presupposition,19,0.36464646464646466,-0.00502216864113858,0.9753714967332832,-0.12904011842625643,0.22545682311105025,90,22
Qwen3.5-9B,presupposition,20,0.36717171717171715,-0.004438421340903775,0.9731806420336557,-0.11305816531393321,0.28870022225329206,90,22
Qwen3.5-9B,presupposition,21,0.38131313131313127,-0.004325167217639869,0.9577078475812454,-0.09263436147284444,0.3851799991675944,90,22
Qwen3.5-9B,presupposition,22,0.3772727272727273,-0.004600206408837848,0.9627290419972752,-0.0870515647725724,0.41458593198953947,90,22
Qwen3.5-9B,presupposition,23,0.3717171717171717,-0.0024050397704346027,0.9688272982364046,-0.03886183912108235,0.7161121548497531,90,22
Qwen3.5-9B,presupposition,24,0.3535353535353535,-0.004626040326224379,0.9833097788974079,-0.08166037731942359,0.44418317651185035,90,22
Qwen3.5-9B,presupposition,25,0.37424242424242427,-0.004008224455997245,0.9661661818074616,-0.09008247468161246,0.39846270263948563,90,22
Qwen3.5-9B,presupposition,26,0.3737373737373737,-0.003950404578989208,0.9667128587743041,-0.08623287071668229,0.41900521396067913,90,22
Qwen3.5-9B,presupposition,27,0.4313131313131313,-0.0009327349036631905,0.8412619844180016,-0.0571082651539527,0.5928988119137992,90,22
Qwen3.5-9B,presupposition,28,0.3848484848484849,-0.004839155047830834,0.9528776993192851,-0.07513695340600123,0.4815301999049801,90,22
Qwen3.5-9B,presupposition,29,0.395959595959596,-0.004224419473397578,0.9347716223443838,-0.1182229054750273,0.2670936528518798,90,22
Qwen3.5-9B,presupposition,30,0.38636363636363635,-0.00551986965266138,0.9506766089487041,-0.11918095171064338,0.2632091604838247,90,22
Qwen3.5-9B,presupposition,31,0.36111111111111116,-0.007758959315039893,0.9781848244421829,-0.12065285910899905,0.25731615968688043,90,22
Qwen3.5-9B,presupposition,32,0.35555555555555557,-0.008305483213578824,0.9820555232349159,-0.05322382314409105,0.6183284188443791,90,22
